{
    "name": "root",
    "metadata": {
        "timer_format_version": "0.1.0",
        "start_time_seconds": "1742742703",
        "python_version": "3.10.12 | packaged by Anaconda, Inc. | (main, Jul  5 2023, 19:01:18) [MSC v.1916 64 bit (AMD64)]",
        "command_line_arguments": "D:\\miniconda3\\envs\\mlagents\\Scripts\\mlagents-learn ../config/ppo/Sitting.yaml --run-id=sitting-5 --time-scale=0.2 --resume",
        "mlagents_version": "1.2.0.dev0",
        "mlagents_envs_version": "1.2.0.dev0",
        "communication_protocol_version": "1.5.0",
        "pytorch_version": "2.2.2+cu121",
        "numpy_version": "1.23.5",
        "end_time_seconds": "1742747490"
    },
    "total": 4787.325976000007,
    "count": 1,
    "self": 0.01707860000897199,
    "children": {
        "run_training.setup": {
            "total": 0.10792419999779668,
            "count": 1,
            "self": 0.10792419999779668
        },
        "TrainerController.start_learning": {
            "total": 4787.200973200001,
            "count": 1,
            "self": 0.0040685999556444585,
            "children": {
                "TrainerController._reset_env": {
                    "total": 7.047836900004768,
                    "count": 1,
                    "self": 7.047836900004768
                },
                "TrainerController.advance": {
                    "total": 4778.593909600037,
                    "count": 194,
                    "self": 0.004087999783223495,
                    "children": {
                        "env_step": {
                            "total": 4778.561972500189,
                            "count": 194,
                            "self": 4777.421717100049,
                            "children": {
                                "SubprocessEnvManager._take_step": {
                                    "total": 1.1377303000481334,
                                    "count": 194,
                                    "self": 0.013802300018141977,
                                    "children": {
                                        "TorchPolicy.evaluate": {
                                            "total": 1.1239280000299914,
                                            "count": 194,
                                            "self": 1.1239280000299914
                                        }
                                    }
                                },
                                "workers": {
                                    "total": 0.0025251000915886834,
                                    "count": 193,
                                    "self": 0.0,
                                    "children": {
                                        "worker_root": {
                                            "total": 19.795290699970792,
                                            "count": 193,
                                            "is_parallel": true,
                                            "self": 2.6664492000854807,
                                            "children": {
                                                "steps_from_proto": {
                                                    "total": 0.000415000002249144,
                                                    "count": 1,
                                                    "is_parallel": true,
                                                    "self": 0.0001911999861476943,
                                                    "children": {
                                                        "_process_rank_one_or_two_observation": {
                                                            "total": 0.00022380001610144973,
                                                            "count": 4,
                                                            "is_parallel": true,
                                                            "self": 0.00022380001610144973
                                                        }
                                                    }
                                                },
                                                "UnityEnvironment.step": {
                                                    "total": 17.128426499883062,
                                                    "count": 193,
                                                    "is_parallel": true,
                                                    "self": 0.017737299931468442,
                                                    "children": {
                                                        "UnityEnvironment._generate_step_input": {
                                                            "total": 0.013984999997774139,
                                                            "count": 193,
                                                            "is_parallel": true,
                                                            "self": 0.013984999997774139
                                                        },
                                                        "communicator.exchange": {
                                                            "total": 17.034973300105776,
                                                            "count": 193,
                                                            "is_parallel": true,
                                                            "self": 17.034973300105776
                                                        },
                                                        "steps_from_proto": {
                                                            "total": 0.06173089984804392,
                                                            "count": 193,
                                                            "is_parallel": true,
                                                            "self": 0.031264699922758155,
                                                            "children": {
                                                                "_process_rank_one_or_two_observation": {
                                                                    "total": 0.030466199925285764,
                                                                    "count": 772,
                                                                    "is_parallel": true,
                                                                    "self": 0.030466199925285764
                                                                }
                                                            }
                                                        }
                                                    }
                                                }
                                            }
                                        }
                                    }
                                }
                            }
                        },
                        "trainer_advance": {
                            "total": 0.027849100064486265,
                            "count": 193,
                            "self": 0.004503100106376223,
                            "children": {
                                "process_trajectory": {
                                    "total": 0.023345999958110042,
                                    "count": 193,
                                    "self": 0.023345999958110042
                                }
                            }
                        }
                    }
                },
                "TrainerController._save_models": {
                    "total": 1.5551581000036094,
                    "count": 1,
                    "self": 0.06597820001479704,
                    "children": {
                        "RLTrainer._checkpoint": {
                            "total": 1.4891798999888124,
                            "count": 1,